id,sample_text,gold_summary,gold_keywords
1,Artificial intelligence is an important domain. AI is transforming industries by enabling automation and insight extraction. Recent developments include new models and practical deployments. Researchers and practitioners focus on scalability and robustness. Many companies are investing in research and production systems. (record 1),Artificial intelligence advances drive improvements in ai is transforming industries by enabling automation and insight extraction.,artificial intelligence; artificial; intelligence
2,Healthcare diagnostics is an important domain. AI assists in diagnostics improving accuracy and delivery of care. Recent developments include new models and practical deployments. Researchers and practitioners focus on scalability and robustness. Scalability remains a key engineering challenge. (record 2),Healthcare diagnostics advances drive improvements in ai assists in diagnostics improving accuracy and delivery of care.,healthcare diagnostics; healthcare; diagnostics
3,Financial forecasting is an important domain. Machine learning models forecast market trends and risks. Recent developments include new models and practical deployments. Researchers and practitioners focus on scalability and robustness. Real-world deployment often requires careful testing and monitoring. (record 3),Financial forecasting advances drive improvements in machine learning models forecast market trends and risks.,financial forecasting; financial; forecasting
4,Natural language processing is an important domain. NLP enables machines to understand and generate human language. Recent developments include new models and practical deployments. Researchers and practitioners focus on scalability and robustness. Many companies are investing in research and production systems. (record 4),Natural language processing advances drive improvements in nlp enables machines to understand and generate human language.,natural language processing; natural; language
5,Autonomous vehicles is an important domain. Self-driving technology relies on sensors and ML to navigate. Recent developments include new models and practical deployments. Researchers and practitioners focus on scalability and robustness. Scalability remains a key engineering challenge. (record 5),Autonomous vehicles advances drive improvements in self-driving technology relies on sensors and ml to navigate.,autonomous vehicles; autonomous; vehicles
6,Recommender systems is an important domain. Recommendation engines personalize content and product suggestions. Recent developments include new models and practical deployments. Researchers and practitioners focus on scalability and robustness. This area shows rapid growth and significant funding. (record 6),Recommender systems advances drive improvements in recommendation engines personalize content and product suggestions.,recommender systems; recommender; systems
7,Image recognition is an important domain. Computer vision identifies objects and patterns in images. Recent developments include new models and practical deployments. Researchers and practitioners focus on scalability and robustness. Scalability remains a key engineering challenge. (record 7),Image recognition advances drive improvements in computer vision identifies objects and patterns in images.,image recognition; image; recognition
8,Speech recognition is an important domain. Voice interfaces transcribe and interpret spoken language. Recent developments include new models and practical deployments. Researchers and practitioners focus on scalability and robustness. Real-world deployment often requires careful testing and monitoring. (record 8),Speech recognition advances drive improvements in voice interfaces transcribe and interpret spoken language.,speech recognition; speech; recognition
9,Robotics automation is an important domain. Robots automate repetitive tasks in manufacturing. Recent developments include new models and practical deployments. Researchers and practitioners focus on scalability and robustness. Scalability remains a key engineering challenge. (record 9),Robotics automation advances drive improvements in robots automate repetitive tasks in manufacturing.,robotics automation; robotics; automation
10,Cybersecurity is an important domain. AI enhances threat detection and anomaly identification. Recent developments include new models and practical deployments. Researchers and practitioners focus on scalability and robustness. Scalability remains a key engineering challenge. (record 10),Cybersecurity advances drive improvements in ai enhances threat detection and anomaly identification.,cybersecurity
11,Artificial intelligence is an important domain. AI is transforming industries by enabling automation and insight extraction. Recent developments include new models and practical deployments. Researchers and practitioners focus on scalability and robustness. Many companies are investing in research and production systems. (record 11),Artificial intelligence advances drive improvements in ai is transforming industries by enabling automation and insight extraction.,artificial intelligence; artificial; intelligence
12,Healthcare diagnostics is an important domain. AI assists in diagnostics improving accuracy and delivery of care. Recent developments include new models and practical deployments. Researchers and practitioners focus on scalability and robustness. Real-world deployment often requires careful testing and monitoring. (record 12),Healthcare diagnostics advances drive improvements in ai assists in diagnostics improving accuracy and delivery of care.,healthcare diagnostics; healthcare; diagnostics
13,Financial forecasting is an important domain. Machine learning models forecast market trends and risks. Recent developments include new models and practical deployments. Researchers and practitioners focus on scalability and robustness. Scalability remains a key engineering challenge. (record 13),Financial forecasting advances drive improvements in machine learning models forecast market trends and risks.,financial forecasting; financial; forecasting
14,Natural language processing is an important domain. NLP enables machines to understand and generate human language. Recent developments include new models and practical deployments. Researchers and practitioners focus on scalability and robustness. Real-world deployment often requires careful testing and monitoring. (record 14),Natural language processing advances drive improvements in nlp enables machines to understand and generate human language.,natural language processing; natural; language
15,Autonomous vehicles is an important domain. Self-driving technology relies on sensors and ML to navigate. Recent developments include new models and practical deployments. Researchers and practitioners focus on scalability and robustness. Ethical and fairness considerations are gaining attention. (record 15),Autonomous vehicles advances drive improvements in self-driving technology relies on sensors and ml to navigate.,autonomous vehicles; autonomous; vehicles
16,Recommender systems is an important domain. Recommendation engines personalize content and product suggestions. Recent developments include new models and practical deployments. Researchers and practitioners focus on scalability and robustness. This area shows rapid growth and significant funding. (record 16),Recommender systems advances drive improvements in recommendation engines personalize content and product suggestions.,recommender systems; recommender; systems
17,Image recognition is an important domain. Computer vision identifies objects and patterns in images. Recent developments include new models and practical deployments. Researchers and practitioners focus on scalability and robustness. Ethical and fairness considerations are gaining attention. (record 17),Image recognition advances drive improvements in computer vision identifies objects and patterns in images.,image recognition; image; recognition
18,Speech recognition is an important domain. Voice interfaces transcribe and interpret spoken language. Recent developments include new models and practical deployments. Researchers and practitioners focus on scalability and robustness. Scalability remains a key engineering challenge. (record 18),Speech recognition advances drive improvements in voice interfaces transcribe and interpret spoken language.,speech recognition; speech; recognition
19,Robotics automation is an important domain. Robots automate repetitive tasks in manufacturing. Recent developments include new models and practical deployments. Researchers and practitioners focus on scalability and robustness. Ethical and fairness considerations are gaining attention. (record 19),Robotics automation advances drive improvements in robots automate repetitive tasks in manufacturing.,robotics automation; robotics; automation
20,Cybersecurity is an important domain. AI enhances threat detection and anomaly identification. Recent developments include new models and practical deployments. Researchers and practitioners focus on scalability and robustness. Real-world deployment often requires careful testing and monitoring. (record 20),Cybersecurity advances drive improvements in ai enhances threat detection and anomaly identification.,cybersecurity
21,Artificial intelligence is an important domain. AI is transforming industries by enabling automation and insight extraction. Recent developments include new models and practical deployments. Researchers and practitioners focus on scalability and robustness. Many companies are investing in research and production systems. (record 21),Artificial intelligence advances drive improvements in ai is transforming industries by enabling automation and insight extraction.,artificial intelligence; artificial; intelligence
22,Healthcare diagnostics is an important domain. AI assists in diagnostics improving accuracy and delivery of care. Recent developments include new models and practical deployments. Researchers and practitioners focus on scalability and robustness. Ethical and fairness considerations are gaining attention. (record 22),Healthcare diagnostics advances drive improvements in ai assists in diagnostics improving accuracy and delivery of care.,healthcare diagnostics; healthcare; diagnostics
23,Financial forecasting is an important domain. Machine learning models forecast market trends and risks. Recent developments include new models and practical deployments. Researchers and practitioners focus on scalability and robustness. Scalability remains a key engineering challenge. (record 23),Financial forecasting advances drive improvements in machine learning models forecast market trends and risks.,financial forecasting; financial; forecasting
24,Natural language processing is an important domain. NLP enables machines to understand and generate human language. Recent developments include new models and practical deployments. Researchers and practitioners focus on scalability and robustness. Scalability remains a key engineering challenge. (record 24),Natural language processing advances drive improvements in nlp enables machines to understand and generate human language.,natural language processing; natural; language
25,Autonomous vehicles is an important domain. Self-driving technology relies on sensors and ML to navigate. Recent developments include new models and practical deployments. Researchers and practitioners focus on scalability and robustness. Ethical and fairness considerations are gaining attention. (record 25),Autonomous vehicles advances drive improvements in self-driving technology relies on sensors and ml to navigate.,autonomous vehicles; autonomous; vehicles
26,Recommender systems is an important domain. Recommendation engines personalize content and product suggestions. Recent developments include new models and practical deployments. Researchers and practitioners focus on scalability and robustness. Many companies are investing in research and production systems. (record 26),Recommender systems advances drive improvements in recommendation engines personalize content and product suggestions.,recommender systems; recommender; systems
27,Image recognition is an important domain. Computer vision identifies objects and patterns in images. Recent developments include new models and practical deployments. Researchers and practitioners focus on scalability and robustness. This area shows rapid growth and significant funding. (record 27),Image recognition advances drive improvements in computer vision identifies objects and patterns in images.,image recognition; image; recognition
28,Speech recognition is an important domain. Voice interfaces transcribe and interpret spoken language. Recent developments include new models and practical deployments. Researchers and practitioners focus on scalability and robustness. Many companies are investing in research and production systems. (record 28),Speech recognition advances drive improvements in voice interfaces transcribe and interpret spoken language.,speech recognition; speech; recognition
29,Robotics automation is an important domain. Robots automate repetitive tasks in manufacturing. Recent developments include new models and practical deployments. Researchers and practitioners focus on scalability and robustness. Ethical and fairness considerations are gaining attention. (record 29),Robotics automation advances drive improvements in robots automate repetitive tasks in manufacturing.,robotics automation; robotics; automation
30,Cybersecurity is an important domain. AI enhances threat detection and anomaly identification. Recent developments include new models and practical deployments. Researchers and practitioners focus on scalability and robustness. Real-world deployment often requires careful testing and monitoring. (record 30),Cybersecurity advances drive improvements in ai enhances threat detection and anomaly identification.,cybersecurity
31,Artificial intelligence is an important domain. AI is transforming industries by enabling automation and insight extraction. Recent developments include new models and practical deployments. Researchers and practitioners focus on scalability and robustness. This area shows rapid growth and significant funding. (record 31),Artificial intelligence advances drive improvements in ai is transforming industries by enabling automation and insight extraction.,artificial intelligence; artificial; intelligence
32,Healthcare diagnostics is an important domain. AI assists in diagnostics improving accuracy and delivery of care. Recent developments include new models and practical deployments. Researchers and practitioners focus on scalability and robustness. Real-world deployment often requires careful testing and monitoring. (record 32),Healthcare diagnostics advances drive improvements in ai assists in diagnostics improving accuracy and delivery of care.,healthcare diagnostics; healthcare; diagnostics
33,Financial forecasting is an important domain. Machine learning models forecast market trends and risks. Recent developments include new models and practical deployments. Researchers and practitioners focus on scalability and robustness. This area shows rapid growth and significant funding. (record 33),Financial forecasting advances drive improvements in machine learning models forecast market trends and risks.,financial forecasting; financial; forecasting
34,Natural language processing is an important domain. NLP enables machines to understand and generate human language. Recent developments include new models and practical deployments. Researchers and practitioners focus on scalability and robustness. Real-world deployment often requires careful testing and monitoring. (record 34),Natural language processing advances drive improvements in nlp enables machines to understand and generate human language.,natural language processing; natural; language
35,Autonomous vehicles is an important domain. Self-driving technology relies on sensors and ML to navigate. Recent developments include new models and practical deployments. Researchers and practitioners focus on scalability and robustness. Many companies are investing in research and production systems. (record 35),Autonomous vehicles advances drive improvements in self-driving technology relies on sensors and ml to navigate.,autonomous vehicles; autonomous; vehicles
36,Recommender systems is an important domain. Recommendation engines personalize content and product suggestions. Recent developments include new models and practical deployments. Researchers and practitioners focus on scalability and robustness. Ethical and fairness considerations are gaining attention. (record 36),Recommender systems advances drive improvements in recommendation engines personalize content and product suggestions.,recommender systems; recommender; systems
37,Image recognition is an important domain. Computer vision identifies objects and patterns in images. Recent developments include new models and practical deployments. Researchers and practitioners focus on scalability and robustness. Real-world deployment often requires careful testing and monitoring. (record 37),Image recognition advances drive improvements in computer vision identifies objects and patterns in images.,image recognition; image; recognition
38,Speech recognition is an important domain. Voice interfaces transcribe and interpret spoken language. Recent developments include new models and practical deployments. Researchers and practitioners focus on scalability and robustness. Real-world deployment often requires careful testing and monitoring. (record 38),Speech recognition advances drive improvements in voice interfaces transcribe and interpret spoken language.,speech recognition; speech; recognition
39,Robotics automation is an important domain. Robots automate repetitive tasks in manufacturing. Recent developments include new models and practical deployments. Researchers and practitioners focus on scalability and robustness. Ethical and fairness considerations are gaining attention. (record 39),Robotics automation advances drive improvements in robots automate repetitive tasks in manufacturing.,robotics automation; robotics; automation
40,Cybersecurity is an important domain. AI enhances threat detection and anomaly identification. Recent developments include new models and practical deployments. Researchers and practitioners focus on scalability and robustness. Many companies are investing in research and production systems. (record 40),Cybersecurity advances drive improvements in ai enhances threat detection and anomaly identification.,cybersecurity
41,Artificial intelligence is an important domain. AI is transforming industries by enabling automation and insight extraction. Recent developments include new models and practical deployments. Researchers and practitioners focus on scalability and robustness. Real-world deployment often requires careful testing and monitoring. (record 41),Artificial intelligence advances drive improvements in ai is transforming industries by enabling automation and insight extraction.,artificial intelligence; artificial; intelligence
42,Healthcare diagnostics is an important domain. AI assists in diagnostics improving accuracy and delivery of care. Recent developments include new models and practical deployments. Researchers and practitioners focus on scalability and robustness. This area shows rapid growth and significant funding. (record 42),Healthcare diagnostics advances drive improvements in ai assists in diagnostics improving accuracy and delivery of care.,healthcare diagnostics; healthcare; diagnostics
43,Financial forecasting is an important domain. Machine learning models forecast market trends and risks. Recent developments include new models and practical deployments. Researchers and practitioners focus on scalability and robustness. Real-world deployment often requires careful testing and monitoring. (record 43),Financial forecasting advances drive improvements in machine learning models forecast market trends and risks.,financial forecasting; financial; forecasting
44,Natural language processing is an important domain. NLP enables machines to understand and generate human language. Recent developments include new models and practical deployments. Researchers and practitioners focus on scalability and robustness. Real-world deployment often requires careful testing and monitoring. (record 44),Natural language processing advances drive improvements in nlp enables machines to understand and generate human language.,natural language processing; natural; language
45,Autonomous vehicles is an important domain. Self-driving technology relies on sensors and ML to navigate. Recent developments include new models and practical deployments. Researchers and practitioners focus on scalability and robustness. This area shows rapid growth and significant funding. (record 45),Autonomous vehicles advances drive improvements in self-driving technology relies on sensors and ml to navigate.,autonomous vehicles; autonomous; vehicles
46,Recommender systems is an important domain. Recommendation engines personalize content and product suggestions. Recent developments include new models and practical deployments. Researchers and practitioners focus on scalability and robustness. Many companies are investing in research and production systems. (record 46),Recommender systems advances drive improvements in recommendation engines personalize content and product suggestions.,recommender systems; recommender; systems
47,Image recognition is an important domain. Computer vision identifies objects and patterns in images. Recent developments include new models and practical deployments. Researchers and practitioners focus on scalability and robustness. This area shows rapid growth and significant funding. (record 47),Image recognition advances drive improvements in computer vision identifies objects and patterns in images.,image recognition; image; recognition
48,Speech recognition is an important domain. Voice interfaces transcribe and interpret spoken language. Recent developments include new models and practical deployments. Researchers and practitioners focus on scalability and robustness. Scalability remains a key engineering challenge. (record 48),Speech recognition advances drive improvements in voice interfaces transcribe and interpret spoken language.,speech recognition; speech; recognition
49,Robotics automation is an important domain. Robots automate repetitive tasks in manufacturing. Recent developments include new models and practical deployments. Researchers and practitioners focus on scalability and robustness. Scalability remains a key engineering challenge. (record 49),Robotics automation advances drive improvements in robots automate repetitive tasks in manufacturing.,robotics automation; robotics; automation
50,Cybersecurity is an important domain. AI enhances threat detection and anomaly identification. Recent developments include new models and practical deployments. Researchers and practitioners focus on scalability and robustness. Ethical and fairness considerations are gaining attention. (record 50),Cybersecurity advances drive improvements in ai enhances threat detection and anomaly identification.,cybersecurity
51,Artificial intelligence is an important domain. AI is transforming industries by enabling automation and insight extraction. Recent developments include new models and practical deployments. Researchers and practitioners focus on scalability and robustness. Real-world deployment often requires careful testing and monitoring. (record 51),Artificial intelligence advances drive improvements in ai is transforming industries by enabling automation and insight extraction.,artificial intelligence; artificial; intelligence
52,Healthcare diagnostics is an important domain. AI assists in diagnostics improving accuracy and delivery of care. Recent developments include new models and practical deployments. Researchers and practitioners focus on scalability and robustness. Real-world deployment often requires careful testing and monitoring. (record 52),Healthcare diagnostics advances drive improvements in ai assists in diagnostics improving accuracy and delivery of care.,healthcare diagnostics; healthcare; diagnostics
53,Financial forecasting is an important domain. Machine learning models forecast market trends and risks. Recent developments include new models and practical deployments. Researchers and practitioners focus on scalability and robustness. Many companies are investing in research and production systems. (record 53),Financial forecasting advances drive improvements in machine learning models forecast market trends and risks.,financial forecasting; financial; forecasting
54,Natural language processing is an important domain. NLP enables machines to understand and generate human language. Recent developments include new models and practical deployments. Researchers and practitioners focus on scalability and robustness. Many companies are investing in research and production systems. (record 54),Natural language processing advances drive improvements in nlp enables machines to understand and generate human language.,natural language processing; natural; language
55,Autonomous vehicles is an important domain. Self-driving technology relies on sensors and ML to navigate. Recent developments include new models and practical deployments. Researchers and practitioners focus on scalability and robustness. This area shows rapid growth and significant funding. (record 55),Autonomous vehicles advances drive improvements in self-driving technology relies on sensors and ml to navigate.,autonomous vehicles; autonomous; vehicles
56,Recommender systems is an important domain. Recommendation engines personalize content and product suggestions. Recent developments include new models and practical deployments. Researchers and practitioners focus on scalability and robustness. Ethical and fairness considerations are gaining attention. (record 56),Recommender systems advances drive improvements in recommendation engines personalize content and product suggestions.,recommender systems; recommender; systems
57,Image recognition is an important domain. Computer vision identifies objects and patterns in images. Recent developments include new models and practical deployments. Researchers and practitioners focus on scalability and robustness. Scalability remains a key engineering challenge. (record 57),Image recognition advances drive improvements in computer vision identifies objects and patterns in images.,image recognition; image; recognition
58,Speech recognition is an important domain. Voice interfaces transcribe and interpret spoken language. Recent developments include new models and practical deployments. Researchers and practitioners focus on scalability and robustness. Ethical and fairness considerations are gaining attention. (record 58),Speech recognition advances drive improvements in voice interfaces transcribe and interpret spoken language.,speech recognition; speech; recognition
59,Robotics automation is an important domain. Robots automate repetitive tasks in manufacturing. Recent developments include new models and practical deployments. Researchers and practitioners focus on scalability and robustness. Many companies are investing in research and production systems. (record 59),Robotics automation advances drive improvements in robots automate repetitive tasks in manufacturing.,robotics automation; robotics; automation
60,Cybersecurity is an important domain. AI enhances threat detection and anomaly identification. Recent developments include new models and practical deployments. Researchers and practitioners focus on scalability and robustness. Real-world deployment often requires careful testing and monitoring. (record 60),Cybersecurity advances drive improvements in ai enhances threat detection and anomaly identification.,cybersecurity
